,MSE,MAE,RMSE
KNN,11.424999999999997,2.624999999999999,3.3800887562311135
Linear Regression,2.73449776364384,1.3325974500436784,1.6536316892354959
Decision Tree,16.35,3.05,4.043513323831146
